,sedentary,LPA,MPA,VPA,steps,active
0,907,107,0,0,3062.0,0
1,874,94,0,0,1472.0,0
2,990,59,0,0,610.0,0
3,740,80,8,4,2177.0,0
4,816,67,0,0,1690.0,0
5,802,53,0,0,597.0,0
6,925,92,20,17,4588.0,0
7,867,109,11,17,4786.0,0
8,685,78,0,0,1709.0,0
9,987,54,0,0,729.0,0
10,851,29,0,0,340.0,0
11,880,95,7,21,4724.0,0
12,809,56,0,0,1061.0,0
13,962,77,16,18,4203.0,0
14,893,102,5,8,4553.0,0
15,813,135,0,0,2679.0,0
16,824,89,0,0,1594.0,0
17,818,67,9,4,1838.0,0
18,935,90,0,0,1998.0,0
19,871,91,0,0,1233.0,0
20,880,117,3,8,5438.0,1
21,709,118,22,7,4593.0,0
22,873,88,0,0,2103.0,0
23,887,79,0,0,1124.0,0
24,912,56,0,0,847.0,0
25,847,67,0,0,907.0,0
26,1037,104,9,12,4527.0,0
27,900,98,8,14,4089.0,0
28,702,121,0,0,2965.0,0
29,770,91,7,3,2061.0,0
30,912,69,0,0,1007.0,0
31,880,93,0,0,2161.0,0
32,901,77,0,0,865.0,0
33,761,126,8,4,2232.0,0
34,799,170,8,3,2445.0,0
35,935,75,6,3,1866.0,0
36,952,36,0,0,487.0,0
37,903,56,0,0,771.0,0
38,1095,124,9,6,5002.0,1
39,757,144,0,0,2938.0,0
40,837,71,0,0,871.0,0
41,822,60,6,4,1608.0,0
42,864,104,3,6,2942.0,0
43,743,88,0,0,2166.0,0
44,836,50,0,0,558.0,0
45,1384,56,0,0,522.0,0
46,580,45,0,0,567.0,0
47,793,154,44,9,7497.0,1
48,967,94,0,0,2073.0,0
49,907,131,0,0,3141.0,0
50,809,60,0,0,866.0,0
51,806,69,0,0,947.0,0
52,843,126,0,0,1828.0,0
53,853,147,27,0,4974.0,0
54,776,92,8,2,2354.0,0
55,801,85,0,0,1224.0,0
56,739,228,48,12,8280.0,2
57,831,118,0,0,2539.0,0
58,907,89,0,0,1556.0,0
59,817,274,16,7,7533.0,2
60,815,100,0,0,1659.0,0
61,710,184,10,0,1731.0,0
62,1072,102,0,0,2530.0,0
63,835,71,0,0,767.0,0
64,896,89,0,0,1215.0,0
65,986,59,0,0,696.0,0
66,987,39,0,0,389.0,0
67,991,50,0,0,644.0,0
68,927,91,0,0,1071.0,0
69,943,57,0,0,614.0,0
70,807,67,8,5,2089.0,0
71,989,100,0,0,1609.0,0
72,793,84,0,0,1249.0,0
73,925,62,0,0,861.0,0
74,887,66,0,0,693.0,0
75,939,69,0,0,827.0,0
76,953,82,0,0,1205.0,0
77,803,129,9,3,2789.0,0
78,960,117,8,3,3036.0,0
79,942,84,0,0,1129.0,0
80,923,89,0,0,1975.0,0
81,979,110,6,18,4620.0,0
82,823,90,0,0,2130.0,0
83,960,102,0,0,2218.0,0
84,827,69,0,0,802.0,0
85,948,88,0,0,1980.0,0
86,932,57,0,0,757.0,0
87,877,101,0,0,2118.0,0
88,1011,78,0,0,954.0,0
89,910,94,5,4,2126.0,0
90,920,77,0,0,1017.0,0
91,808,107,1,11,2570.0,0
92,912,95,0,0,1217.0,0
93,921,102,0,0,1372.0,0
94,858,83,0,0,1063.0,0
95,937,50,0,0,589.0,0
96,903,131,0,0,2368.0,0
97,928,69,0,0,819.0,0
98,829,108,0,0,2583.0,0
99,803,74,0,0,855.0,0
100,966,48,0,0,345.0,0
101,1416,24,0,0,337.0,0
102,507,87,0,0,1974.0,0
103,965,76,0,0,1052.0,0
104,944,99,0,0,1929.0,0
105,812,137,0,0,2259.0,0
106,981,63,0,0,755.0,0
107,1058,56,0,0,782.0,0
108,788,66,13,1,1957.0,0
109,1032,75,0,0,928.0,0
110,840,52,5,5,1470.0,0
111,896,87,0,0,1144.0,0
112,987,55,0,0,654.0,0
113,654,161,79,51,7433.0,1
114,938,56,10,0,393.0,0
115,901,60,0,0,831.0,0
116,1056,70,0,0,961.0,0
117,783,93,0,0,1369.0,0
118,993,66,0,0,848.0,0
119,910,91,0,0,1989.0,0
120,921,59,0,0,730.0,0
121,1396,44,0,0,806.0,0
122,831,69,0,0,761.0,0
123,810,106,8,5,2489.0,0
124,1378,62,0,0,685.0,0
125,912,60,0,0,748.0,0
126,755,83,0,0,1995.0,0
127,1265,44,0,0,524.0,0
128,608,78,0,0,1241.0,0
129,1074,105,0,0,2196.0,0
130,1053,97,0,0,1398.0,0
131,916,95,0,0,2144.0,0
132,1023,89,0,0,1981.0,0
133,763,50,0,0,493.0,0
134,1394,46,0,0,334.0,0
135,689,85,0,0,1219.0,0
136,762,113,0,0,2410.0,0
137,982,96,0,0,1263.0,0
138,736,94,6,1,2194.0,0
139,904,62,0,0,786.0,0
140,774,62,9,5,1783.0,0
141,973,66,0,0,875.0,0
142,825,60,0,0,720.0,0
143,890,85,8,1,2049.0,0
144,809,84,0,0,1179.0,0
145,738,100,20,8,2353.0,0
146,1051,49,0,0,700.0,0
147,822,93,4,5,2070.0,0
148,920,52,0,0,589.0,0
149,830,90,0,0,1714.0,0
150,814,69,9,4,1773.0,0
151,932,67,0,0,777.0,0
152,1440,0,0,0,5186.0,1
153,1261,159,13,7,15235.0,1
154,481,237,42,125,13430.0,4
155,612,229,20,50,19036.0,4
156,661,201,16,99,15421.0,4
157,600,249,26,114,6507.0,1
158,740,215,7,10,11950.0,1
159,696,156,32,82,9443.0,2
160,693,213,19,44,14947.0,4
161,589,198,34,87,16353.0,4
162,637,240,44,80,11871.0,3
163,623,224,6,44,12089.0,3
164,629,183,16,109,15729.0,4
165,619,213,19,73,12649.0,4
166,625,256,24,90,18950.0,4
167,419,338,63,57,11003.0,3
168,841,166,12,49,12472.0,3
169,605,184,35,73,12602.0,4
170,648,225,18,80,9624.0,2
171,599,327,12,5,11908.0,1
172,629,191,14,70,11669.0,3
173,646,154,2,81,13488.0,4
174,635,206,15,82,10408.0,3
175,644,231,18,48,11133.0,3
176,636,273,12,61,9338.0,2
177,633,164,13,69,6417.0,1
178,765,189,2,10,16487.0,1
179,641,148,49,79,12803.0,4
180,704,239,23,72,10565.0,3
181,601,144,8,69,13271.0,4
182,564,221,18,65,16912.0,4
183,620,206,101,77,18728.0,4
184,606,198,22,93,14518.0,4
185,663,195,11,89,16456.0,4
186,676,162,10,91,5673.0,1
187,773,205,0,0,17569.0,4
188,581,256,27,63,13174.0,4
189,743,149,19,65,14587.0,4
190,539,174,27,128,19255.0,4
191,516,271,5,92,16951.0,4
192,665,221,34,94,21567.0,4
193,640,164,21,134,11000.0,3
194,709,138,33,107,23554.0,4
195,520,188,41,138,15790.0,4
196,616,164,9,135,20847.0,4
197,403,182,63,165,5759.0,1
198,554,265,0,0,19403.0,4
199,531,135,8,171,10691.0,3
200,499,239,31,46,16999.0,4
201,545,152,25,137,13861.0,4
202,598,168,21,112,8828.0,2
203,648,103,30,62,16041.0,4
204,622,190,9,127,14366.0,4
205,675,130,3,123,16394.0,4
206,634,158,16,143,7116.0,1
207,697,151,31,23,11031.0,3
208,709,176,6,74,7209.0,1
209,632,223,26,6,16883.0,2
210,480,147,38,88,15656.0,4
211,543,264,25,137,16709.0,4
212,689,198,23,84,12504.0,4
213,622,199,18,110,13082.0,4
214,601,239,12,60,10342.0,3
215,596,209,7,70,17138.0,4
216,528,217,39,134,14325.0,4
217,446,170,25,117,11119.0,3
218,700,148,30,115,19788.0,4
219,669,225,24,106,13415.0,4
220,646,226,21,97,18350.0,4
221,658,144,4,163,10000.0,3
222,695,173,9,58,13252.0,4
223,679,121,18,113,15075.0,4
224,613,144,18,122,11924.0,3
225,710,162,34,93,14777.0,4
226,665,153,17,78,10352.0,3
227,595,284,29,76,14818.0,4
228,599,242,34,97,13087.0,4
229,639,305,18,27,17005.0,4
230,692,209,49,82,19254.0,4
231,579,142,28,105,10129.0,3
232,604,202,27,88,14586.0,4
233,616,157,8,70,15215.0,4
234,576,258,36,105,12037.0,3
235,583,167,9,86,12250.0,3
236,582,215,3,80,12368.0,3
237,719,119,14,104,16326.0,4
238,535,213,22,138,16302.0,4
239,591,282,22,72,17495.0,4
240,561,214,50,95,13214.0,4
241,545,291,31,35,15784.0,4
242,669,180,22,142,17029.0,4
243,654,201,19,140,9556.0,2
244,633,188,33,55,15059.0,4
245,617,123,22,94,4348.0,0
246,708,201,0,0,14919.0,4
247,574,174,57,84,13852.0,4
248,649,219,29,65,13446.0,4
249,649,182,15,76,14044.0,4
250,687,161,27,87,19953.0,4
251,633,151,23,121,6658.0,1
252,536,269,4,3,14382.0,4
253,677,166,27,104,17397.0,4
254,472,137,54,151,15571.0,4
255,557,169,13,131,14774.0,4
256,694,174,25,103,20054.0,4
257,585,157,17,172,14646.0,4
258,442,202,62,117,19967.0,4
259,507,146,59,103,13130.0,4
260,734,197,12,73,11479.0,3
261,735,195,41,42,17773.0,4
262,482,245,61,108,11439.0,3
263,730,211,16,45,17036.0,4
264,584,225,30,123,18784.0,4
265,546,238,34,153,15142.0,4
266,603,214,34,111,10536.0,3
267,799,204,23,45,12410.0,3
268,1143,188,30,79,10310.0,3
269,579,156,22,62,21591.0,4
270,612,195,27,156,30146.0,4
271,510,105,37,263,11091.0,3
272,734,173,9,51,10180.0,3
273,732,292,10,30,7829.0,2
274,672,260,12,11,9485.0,2
275,718,156,35,44,15572.0,4
276,1085,188,35,95,15689.0,4
277,589,196,49,132,17184.0,4
278,580,225,28,147,19207.0,4
279,470,168,41,193,6769.0,1
280,656,227,29,48,12205.0,3
281,628,178,4,135,12505.0,4
282,620,168,20,136,16445.0,4
283,551,152,14,181,13140.0,4
284,584,106,29,153,15865.0,4
285,676,131,11,115,8490.0,2
286,587,280,30,20,9364.0,2
287,505,171,75,154,8809.0,2
288,768,156,3,55,5877.0,1
289,654,213,5,84,10294.0,3
290,690,141,5,67,4076.0,0
291,755,137,10,13,8976.0,2
292,506,226,38,84,6581.0,1
293,648,160,10,119,13796.0,4
294,565,211,24,92,5241.0,1
295,580,186,10,104,9841.0,2
296,628,228,39,47,0.0,0
297,1440,0,0,0,8725.0,2
298,1266,133,23,18,16612.0,4
299,629,234,37,77,6010.0,1
300,373,173,13,10,8845.0,2
301,660,168,9,39,10527.0,3
302,682,139,28,48,16672.0,4
303,632,184,20,132,9928.0,2
304,549,142,19,42,6067.0,1
305,670,101,6,29,1146.0,0
306,826,65,0,0,17345.0,4
307,573,175,32,75,23292.0,4
308,376,192,42,124,5977.0,1
309,876,78,11,47,9814.0,2
310,557,133,32,61,10753.0,3
311,774,128,14,61,11064.0,3
312,759,164,9,46,514.0,0
313,819,36,0,0,16616.0,4
314,1440,0,0,0,10993.0,3
315,1440,0,0,0,11020.0,3
316,1105,172,54,109,7162.0,1
317,764,165,22,46,13555.0,4
318,679,223,12,30,12952.0,4
319,709,164,11,23,1223.0,0
320,650,231,15,41,9042.0,2
321,455,186,22,63,17335.0,4
322,935,70,0,0,10756.0,3
323,560,162,27,84,9290.0,2
324,694,163,41,103,17971.0,4
325,733,145,9,52,54.0,0
326,578,112,8,51,9089.0,2
327,588,173,37,130,9971.0,2
328,1215,5,0,0,9373.0,2
329,1440,0,0,0,4747.0,0
330,969,148,9,37,16968.0,4
331,807,175,5,40,15757.0,4
332,724,128,14,50,14911.0,4
333,471,116,3,22,6797.0,1
334,467,202,41,71,5368.0,1
335,597,187,35,65,14140.0,4
336,552,146,48,62,10475.0,3
337,624,234,3,6,12293.0,1
338,670,185,0,0,9953.0,2
339,572,180,61,40,8352.0,2
340,549,261,7,33,9495.0,2
341,699,150,8,65,8441.0,2
342,667,179,10,26,7276.0,1
343,1247,165,6,22,14414.0,3
344,758,199,25,33,9461.0,2
345,739,198,45,16,2501.0,0
346,847,225,17,5,9759.0,1
347,827,205,16,30,15513.0,4
348,725,161,11,57,11182.0,3
349,588,76,4,2,16395.0,4
350,1289,78,15,58,18755.0,4
351,580,150,47,83,11099.0,3
352,640,149,18,45,17918.0,4
353,480,161,17,68,10707.0,3
354,708,166,27,105,9647.0,2
355,496,132,21,58,18400.0,4
356,602,167,7,100,17044.0,4
357,743,65,38,47,25773.0,4
358,831,180,7,40,14873.0,4
359,495,169,25,124,25060.0,4
360,568,155,18,93,14575.0,4
361,625,197,44,136,11051.0,3
362,554,208,43,53,21716.0,4
363,520,96,36,159,17775.0,4
364,360,91,23,72,19970.0,4
365,789,173,6,39,13903.0,4
366,513,177,33,131,7362.0,1
367,764,172,8,79,14724.0,4
368,757,199,18,88,10442.0,3
369,634,149,16,66,18829.0,4
370,609,117,4,32,6481.0,1
371,579,108,24,84,13178.0,4
372,722,203,7,36,12282.0,3
373,601,132,44,106,10650.0,3
374,1059,42,12,42,4595.0,0
375,959,123,29,66,11002.0,3
376,1080,160,6,43,19215.0,4
377,1278,83,19,60,16118.0,4
378,544,84,14,17,14674.0,3
379,658,154,13,45,10025.0,3
380,1038,157,24,103,31077.0,4
381,1108,235,8,44,17831.0,4
382,719,125,20,80,9144.0,2
383,824,166,3,29,21822.0,4
384,462,168,73,172,11010.0,3
385,443,217,32,61,12294.0,3
386,1069,152,17,31,16466.0,4
387,540,125,30,131,7151.0,1
388,628,176,12,37,8378.0,2
389,886,140,9,49,9508.0,2
390,1098,189,4,80,20338.0,4
391,524,278,0,0,6034.0,1
392,1238,166,14,22,18519.0,4
393,623,153,9,33,14916.0,4
394,796,143,18,122,6060.0,1
395,729,115,7,22,6643.0,1
396,821,142,11,107,9472.0,2
397,814,73,8,90,11412.0,3
398,1343,66,6,25,14534.0,4
399,661,96,6,32,9784.0,2
400,622,91,19,59,19760.0,4
401,710,128,18,55,12973.0,4
402,606,122,17,82,204.0,0
403,1262,128,9,41,21941.0,4
404,525,166,29,110,12857.0,4
405,574,117,16,64,372.0,0
406,866,11,0,0,16889.0,4
407,1440,0,0,0,285.0,0
408,1135,144,32,129,30956.0,4
409,721,124,22,60,19005.0,4
410,838,17,0,0,11645.0,3
411,1138,220,15,67,9673.0,2
412,897,11,0,0,237.0,0
413,1049,184,31,176,11953.0,3
414,731,207,25,67,18203.0,4
415,802,185,22,25,8218.0,2
416,860,159,11,56,46.0,0
417,842,15,0,0,6305.0,1
418,1241,121,12,66,2770.0,0
419,599,101,14,108,14346.0,4
420,1332,51,8,49,2225.0,0
421,923,3,0,0,18482.0,4
422,1341,51,7,41,6888.0,1
423,621,117,0,0,5137.0,1
424,809,119,17,90,7779.0,2
425,1067,113,0,0,6400.0,1
426,645,118,8,109,6917.0,1
427,815,67,5,38,19622.0,4
428,1193,108,1,25,3744.0,0
429,751,126,8,35,27173.0,4
430,680,59,4,36,1640.0,0
431,704,139,9,24,8586.0,2
432,620,118,20,127,0.0,0
433,945,52,12,12,0.0,0
434,601,154,22,150,0.0,0
435,1024,83,0,0,0.0,0
436,835,149,3,37,0.0,0
437,1440,0,0,0,15051.0,4
438,1440,0,0,0,15896.0,4
439,1440,0,0,0,7230.0,1
440,1440,0,0,0,9631.0,2
441,1440,0,0,0,14562.0,4
442,1440,0,0,0,14437.0,4
443,1440,0,0,0,16003.0,4
444,1440,0,0,0,18871.0,4
445,1440,0,0,0,17125.0,4
446,1440,0,0,0,13893.0,4
447,1127,189,46,48,16814.0,4
448,544,376,53,17,20085.0,4
449,943,155,9,12,823.0,0
450,716,214,2,11,21119.0,1
451,543,319,37,33,17368.0,4
452,613,250,69,36,20929.0,4
453,408,416,65,2,24328.0,4
454,545,353,76,42,22289.0,4
455,550,429,31,19,9959.0,2
456,501,379,59,8,22558.0,4
457,578,299,56,61,6655.0,1
458,461,347,120,76,11485.0,3
459,947,49,0,0,5534.0,1
460,407,496,58,32,10272.0,3
461,462,398,73,22,16394.0,4
462,496,377,98,48,15090.0,4
463,287,544,121,65,19092.0,4
464,439,242,209,79,8198.0,2
465,606,347,14,12,8415.0,2
466,296,354,142,92,9350.0,2
467,1439,1,0,0,22013.0,4
468,1440,0,0,0,25148.0,4
469,1440,0,0,0,17831.0,4
470,1440,0,0,0,13994.0,4
471,1440,0,0,0,12387.0,3
472,1440,0,0,0,4851.0,0
473,1440,0,0,0,9400.0,2
474,1440,0,0,0,805.0,0
475,1185,163,21,10,1792.0,0
476,674,329,28,10,16762.0,3
477,755,213,6,11,3617.0,0
478,521,361,23,37,1954.0,0
479,536,291,44,89,3751.0,0
480,729,270,40,59,13189.0,4
481,641,187,37,37,13332.0,4
482,1172,253,14,1,8074.0,1
483,1192,171,70,7,7381.0,1
484,356,376,16,6,8602.0,1
485,204,354,179,71,7332.0,1
486,365,487,133,39,0.0,0
487,393,356,124,52,2097.0,0
488,436,305,91,21,477.0,0
489,531,241,73,48,21284.0,4
490,1440,0,0,0,18753.0,4
491,1440,0,0,0,10270.0,3
492,1440,0,0,0,5988.0,1
493,664,222,8,0,11335.0,3
494,705,289,12,22,2902.0,0
495,716,42,0,0,3806.0,0
496,1440,0,0,0,908.0,0
497,1440,0,0,0,10057.0,3
498,1373,67,0,0,11547.0,3
499,621,248,18,74,6466.0,1
500,847,122,0,0,6075.0,1
501,1343,97,0,0,6160.0,1
502,737,183,9,1,6506.0,1
503,509,251,80,67,40.0,0
504,640,259,20,46,5347.0,1
505,719,220,9,12,4724.0,0
506,786,231,4,12,23.0,0
507,706,260,3,11,6503.0,1
508,760,182,14,7,7958.0,1
509,1440,0,0,0,8500.0,2
510,1440,0,0,0,38.0,0
511,1440,0,0,0,4931.0,0
512,1440,0,0,0,3543.0,0
513,1440,0,0,0,8646.0,2
514,1440,0,0,0,12552.0,4
515,1440,0,0,0,7204.0,1
516,1342,98,0,0,867.0,0
517,1440,0,0,0,93.0,0
518,1440,0,0,0,0.0,0
519,1440,0,0,0,0.0,0
520,1440,0,0,0,0.0,0
521,1436,4,0,0,0.0,0
522,443,368,29,98,0.0,0
523,502,322,16,93,0.0,0
524,659,355,7,4,0.0,0
525,760,183,0,0,0.0,0
526,564,283,13,16,0.0,0
527,769,147,0,0,0.0,0
528,1328,93,15,4,0.0,0
529,1397,34,7,2,0.0,0
530,1048,353,26,13,0.0,0
531,1091,258,59,32,0.0,0
532,1229,194,12,5,0.0,0
533,1253,187,0,0,0.0,0
534,1203,186,38,13,0.0,0
535,1225,181,22,12,0.0,0
536,1421,19,0,0,0.0,0
537,1217,201,18,4,0.0,0
538,1328,112,0,0,0.0,0
539,1419,9,1,11,0.0,0
540,1259,181,0,0,0.0,0
541,1190,240,2,8,0.0,0
542,1248,154,22,16,0.0,0
543,1438,2,0,0,0.0,0
544,1278,162,0,0,0.0,0
545,1336,104,0,0,0.0,0
546,1277,106,13,44,0.0,0
547,1124,217,66,33,0.0,0
548,1431,9,0,0,0.0,0
549,1440,0,0,0,0.0,0
550,1440,0,0,0,0.0,0
551,1440,0,0,0,0.0,0
552,1440,0,0,0,0.0,0
553,1440,0,0,0,0.0,0
554,1440,0,0,0,0.0,0
555,1440,0,0,0,0.0,0
556,1440,0,0,0,0.0,0
557,1440,0,0,0,0.0,0
558,1440,0,0,0,0.0,0
559,1440,0,0,0,0.0,0
560,1440,0,0,0,0.0,0
561,1440,0,0,0,0.0,0
562,1440,0,0,0,0.0,0
563,1440,0,0,0,0.0,0
564,1440,0,0,0,0.0,0
565,1440,0,0,0,0.0,0
566,1440,0,0,0,0.0,0
567,1440,0,0,0,0.0,0
568,1440,0,0,0,0.0,0
569,1440,0,0,0,0.0,0
570,1440,0,0,0,0.0,0
571,1440,0,0,0,0.0,0
572,1440,0,0,0,0.0,0
573,1440,0,0,0,0.0,0
574,1440,0,0,0,0.0,0
575,1440,0,0,0,0.0,0
576,1440,0,0,0,0.0,0
577,1217,147,67,9,0.0,0
578,934,59,0,0,0.0,0
579,1440,0,0,0,0.0,0
580,1440,0,0,0,0.0,0
581,1440,0,0,0,0.0,0
582,1440,0,0,0,0.0,0
583,1434,6,0,0,0.0,0
584,1440,0,0,0,0.0,0
585,1440,0,0,0,0.0,0
586,1440,0,0,0,0.0,0
587,1440,0,0,0,0.0,0
588,1440,0,0,0,0.0,0
589,1440,0,0,0,0.0,0
590,1440,0,0,0,0.0,0
591,1440,0,0,0,21596.0,4
592,1440,0,0,0,11560.0,3
593,1440,0,0,0,2609.0,0
594,1440,0,0,0,16007.0,4
595,1440,0,0,0,7604.0,2
596,1440,0,0,0,11893.0,3
597,1440,0,0,0,22653.0,4
598,1440,0,0,0,21624.0,4
599,1440,0,0,0,17960.0,4
600,1440,0,0,0,17195.0,4
601,1440,0,0,0,8115.0,2
602,1440,0,0,0,14344.0,4
603,806,571,31,32,13874.0,4
604,488,334,42,19,20110.0,4
605,731,211,34,32,14164.0,4
606,628,325,8,47,7667.0,2
607,691,221,38,54,8142.0,2
608,645,275,97,6,15265.0,4
609,286,556,81,32,11528.0,3
610,399,595,14,14,13374.0,2
611,410,527,14,22,19946.0,4
612,513,254,21,77,3324.0,0
613,814,177,17,20,8883.0,2
614,601,206,41,81,6033.0,1
615,655,297,29,33,8470.0,2
616,654,182,60,119,6579.0,1
617,673,258,25,46,22884.0,4
618,527,290,13,6,10954.0,1
619,593,272,27,35,4630.0,0
620,697,228,21,69,25631.0,4
621,764,150,14,67,12004.0,3
622,693,189,15,70,21262.0,4
623,386,513,87,26,13750.0,4
624,823,193,0,0,15139.0,4
625,563,251,5,35,19862.0,4
626,667,202,6,6,17849.0,1
627,660,223,37,34,16941.0,4
628,746,196,4,6,3350.0,0
629,305,621,28,35,8428.0,2
630,431,426,35,41,7402.0,1
631,666,181,12,22,3549.0,0
632,527,510,49,61,8897.0,2
633,650,293,25,52,3790.0,0
634,410,559,16,20,17923.0,4
635,632,274,30,56,11288.0,3
636,536,473,0,0,17595.0,4
637,332,517,26,35,8429.0,2
638,269,502,41,11,6572.0,1
639,440,518,20,20,27995.0,4
640,684,191,7,13,17121.0,2
641,751,232,3,7,15798.0,1
642,740,184,7,29,3500.0,0
643,729,219,3,9,18569.0,1
644,740,171,17,38,7673.0,2
645,683,213,0,0,15611.0,4
646,285,569,60,18,14725.0,4
647,696,184,14,68,8693.0,2
648,354,528,51,10,6316.0,1
649,430,415,17,0,7784.0,1
650,703,243,17,28,15459.0,4
651,235,605,47,53,11648.0,3
652,422,512,37,33,8299.0,2
653,469,487,5,9,12397.0,1
654,664,226,0,0,25173.0,4
655,553,316,31,69,17569.0,4
656,736,251,6,3,9128.0,2
657,532,429,14,28,10607.0,3
658,594,258,27,64,11421.0,3
659,687,226,12,19,9089.0,2
660,653,292,3,7,16862.0,1
661,585,258,7,16,11262.0,2
662,672,236,30,74,9743.0,2
663,703,215,12,35,17863.0,4
664,717,186,16,43,7847.0,2
665,672,243,31,38,7334.0,1
666,346,534,19,62,10488.0,3
667,406,497,9,20,21837.0,3
668,590,218,12,19,17140.0,3
669,652,268,33,68,16336.0,4
670,659,214,10,75,11730.0,3
671,683,196,8,25,8515.0,2
672,343,492,20,39,13513.0,4
673,738,306,6,13,7215.0,1
674,489,149,28,331,16921.0,4
675,552,226,60,101,8743.0,2
676,719,248,11,10,13756.0,2
677,664,204,10,14,6699.0,1
678,666,236,21,30,20762.0,4
679,377,489,31,63,7358.0,1
680,492,482,21,8,11139.0,2
681,379,504,6,8,10801.0,1
682,702,206,45,31,8941.0,2
683,719,342,0,0,18391.0,4
684,517,234,14,69,6023.0,1
685,715,221,6,20,10987.0,3
686,400,490,12,24,6469.0,1
687,643,262,4,9,17656.0,1
688,557,252,79,113,13176.0,4
689,764,186,25,35,14867.0,4
690,333,505,32,86,6757.0,1
691,744,282,0,0,9635.0,2
692,702,241,86,14,12761.0,4
693,627,204,40,63,8753.0,2
694,798,228,5,6,6878.0,1
695,424,487,8,26,20511.0,4
696,628,208,15,14,1668.0,0
697,561,248,21,84,22380.0,4
698,717,150,13,35,15979.0,4
699,387,526,13,20,7996.0,2
700,666,279,21,65,7515.0,2
701,722,210,19,56,10831.0,3
702,742,214,3,6,15097.0,1
703,579,216,31,76,5706.0,1
704,629,276,22,45,9353.0,2
705,688,221,11,17,2153.0,0
706,692,289,0,0,4904.0,0
707,279,552,14,60,6880.0,1
708,730,127,0,0,16385.0,4
709,274,571,4,22,21313.0,3
710,583,249,43,110,3950.0,0
711,691,276,3,7,0.0,0
712,704,186,8,12,0.0,0
713,682,233,26,57,0.0,0
714,500,415,24,36,0.0,0
715,686,199,0,0,0.0,0
716,554,325,11,9,0.0,0
717,868,167,0,0,0.0,0
718,821,159,0,0,0.0,0
719,694,210,11,21,0.0,0
720,611,248,23,83,0.0,0
721,394,522,49,26,0.0,0
722,861,52,10,17,0.0,0
723,1440,0,0,0,0.0,0
724,1440,0,0,0,0.0,0
725,1440,0,0,0,0.0,0
726,1440,0,0,0,0.0,0
727,1440,0,0,0,0.0,0
728,1440,0,0,0,0.0,0
729,1440,0,0,0,0.0,0
730,1440,0,0,0,0.0,0
731,1440,0,0,0,0.0,0
732,1440,0,0,0,0.0,0
733,1440,0,0,0,0.0,0
734,1440,0,0,0,0.0,0
735,1440,0,0,0,0.0,0
736,1440,0,0,0,0.0,0
737,1440,0,0,0,0.0,0
738,1440,0,0,0,0.0,0
739,1440,0,0,0,0.0,0
740,1440,0,0,0,0.0,0
741,1440,0,0,0,9198.0,2
742,1440,0,0,0,9865.0,2
743,1309,30,39,62,13397.0,4
744,549,313,0,0,15800.0,4
745,617,232,24,52,13096.0,4
746,542,238,29,84,11578.0,3
747,508,389,9,0,11769.0,3
748,632,280,11,29,6142.0,1
749,656,307,8,12,10273.0,2
750,721,200,21,6,16118.0,2
751,750,252,11,18,7542.0,2
752,456,268,117,13,9480.0,2
753,632,266,15,11,11716.0,2
754,661,322,7,10,14211.0,1
755,545,284,13,21,10384.0,3
756,640,424,5,3,12639.0,4
757,595,287,5,2,15956.0,4
758,719,215,22,36,9351.0,2
759,571,273,62,62,8378.0,2
760,520,266,15,13,14863.0,2
761,718,273,9,6,2150.0,0
762,560,419,4,9,12326.0,1
763,850,124,0,0,13214.0,4
764,633,292,34,14,644.0,0
765,663,209,29,24,8346.0,2
766,599,78,0,0,12684.0,4
767,1137,291,6,6,10057.0,1
768,554,377,6,7,10880.0,1
769,716,250,2,17,12663.0,2
770,707,208,21,45,13972.0,4
771,554,276,29,28,17145.0,4
772,533,363,38,23,20193.0,4
773,339,366,33,11,9881.0,2
774,469,343,48,68,14911.0,4
775,741,274,2,10,6734.0,1
776,572,258,33,50,8419.0,2
777,763,197,6,4,21336.0,1
778,681,223,26,8,18638.0,2
779,466,323,70,31,8988.0,2
780,434,295,91,36,3440.0,0
781,612,273,20,3,6784.0,1
782,524,153,0,0,7009.0,1
783,670,216,12,15,11392.0,2
784,690,264,8,2,11941.0,3
785,650,277,16,8,15700.0,2
786,540,304,12,8,12972.0,1
787,401,475,36,1,16109.0,2
788,533,337,8,20,12134.0,3
789,912,471,31,26,2367.0,0
790,541,275,30,6,4915.0,0
791,1301,139,0,0,9438.0,2
792,1197,231,10,2,14184.0,1
793,562,337,0,0,13724.0,4
794,476,361,48,21,10563.0,3
795,483,379,27,37,11895.0,3
796,427,358,11,9,1026.0,0
797,402,383,9,1,15516.0,4
798,585,67,0,0,12517.0,4
799,456,282,76,36,17854.0,4
800,1184,198,13,45,0.0,0
801,1096,209,90,45,12098.0,3
802,1430,10,0,0,10160.0,3
803,1155,232,9,44,11295.0,3
804,712,261,12,14,4892.0,0
805,627,367,16,1,17244.0,1
806,785,158,8,2,10608.0,3
807,1079,269,37,55,12331.0,3
808,674,189,26,40,14310.0,4
809,1175,189,36,40,11479.0,3
810,639,258,38,56,8160.0,2
811,596,256,12,32,10730.0,3
812,747,210,11,9,8114.0,1
813,757,181,4,25,7731.0,2
814,657,264,4,7,11814.0,1
815,591,251,37,11,13921.0,4
816,561,321,14,14,13855.0,2
817,1087,275,38,40,9414.0,2
818,615,248,34,55,12283.0,3
819,667,207,20,18,9230.0,2
820,645,244,27,41,19225.0,4
821,652,262,13,27,15798.0,4
822,516,252,46,74,10003.0,3
823,603,238,37,74,10606.0,3
824,643,280,23,46,10134.0,3
825,712,247,23,30,12647.0,4
826,695,241,8,16,10562.0,2
827,656,209,22,51,22671.0,4
828,753,251,18,12,17885.0,2
829,456,296,62,93,10100.0,3
830,509,299,15,74,8597.0,2
831,700,304,17,23,11098.0,3
832,603,209,47,42,10308.0,3
833,643,249,21,30,15472.0,4
834,576,324,32,10,5667.0,1
835,542,294,30,33,16729.0,4
836,752,155,28,25,18227.0,4
837,550,251,86,56,9343.0,2
838,570,343,59,41,20445.0,4
839,779,243,0,0,12133.0,3
840,1090,221,50,79,12357.0,3
841,695,218,16,49,15458.0,4
842,851,154,49,51,14045.0,4
843,1177,147,68,48,11705.0,3
844,520,249,14,65,17129.0,4
845,640,238,19,42,15968.0,4
846,496,270,30,77,13922.0,4
847,547,296,22,55,17415.0,4
848,520,320,8,41,21384.0,4
849,654,310,17,80,11624.0,3
850,451,332,42,75,15410.0,4
851,1104,287,31,18,15405.0,4
852,575,436,35,32,14304.0,4
853,540,344,37,34,12867.0,4
854,596,249,54,39,632.0,0
855,587,299,35,29,0.0,0
856,860,34,0,0,0.0,0
857,1440,0,0,0,0.0,0
858,1440,0,0,0,0.0,0
859,1440,0,0,0,0.0,0
860,1440,0,0,0,0.0,0
861,1440,0,0,0,0.0,0
862,1440,0,0,0,0.0,0
863,1440,0,0,0,0.0,0
864,1440,0,0,0,0.0,0
865,1440,0,0,0,0.0,0
866,1440,0,0,0,0.0,0
867,1440,0,0,0,0.0,0
868,1440,0,0,0,0.0,0
869,1440,0,0,0,0.0,0
870,1440,0,0,0,0.0,0
871,1440,0,0,0,0.0,0
872,1440,0,0,0,0.0,0
873,1440,0,0,0,0.0,0
874,1440,0,0,0,0.0,0
875,1440,0,0,0,0.0,0
876,1440,0,0,0,0.0,0
877,1440,0,0,0,0.0,0
878,1440,0,0,0,0.0,0
879,1440,0,0,0,0.0,0
880,1440,0,0,0,0.0,0
881,1440,0,0,0,0.0,0
882,1440,0,0,0,0.0,0
883,1440,0,0,0,0.0,0
884,1440,0,0,0,0.0,0
885,1440,0,0,0,0.0,0
886,1440,0,0,0,0.0,0
887,1440,0,0,0,0.0,0
888,1440,0,0,0,0.0,0
889,931,121,0,0,4014.0,0
890,1372,68,0,0,2775.0,0
891,746,219,14,31,9663.0,2
892,874,199,0,0,6140.0,1
893,834,163,4,6,5704.0,1
894,713,189,0,0,6801.0,1
895,816,200,0,0,6189.0,1
896,512,98,9,1,2186.0,0
897,564,210,76,25,8016.0,2
898,1254,111,28,47,4746.0,0
899,652,20,0,0,319.0,0
900,924,202,5,4,5992.0,1
901,785,41,6,22,3210.0,0
902,852,163,0,0,5347.0,1
903,591,261,9,40,12562.0,4
904,536,165,50,34,5634.0,1
905,679,119,18,0,1725.0,0
906,846,30,0,0,352.0,0
907,759,39,0,0,459.0,0
908,847,219,6,3,6596.0,1
909,779,133,5,5,4687.0,0
910,596,245,33,15,8587.0,2
911,776,67,2,14,3245.0,0
912,879,23,0,0,354.0,0
913,943,125,7,2,3865.0,0
914,816,135,0,0,4027.0,0
915,697,143,9,2,5725.0,1
916,791,172,10,0,5065.0,1
917,515,249,42,40,13118.0,4
918,687,223,25,46,11517.0,3
919,1349,70,2,19,3522.0,0
920,774,176,2,8,6806.0,1
921,870,100,25,53,9594.0,2
922,882,130,0,0,4644.0,0
923,493,210,26,13,7357.0,1
924,993,121,11,10,5747.0,1
925,505,130,34,25,8886.0,2
926,653,155,18,24,5117.0,1
927,760,126,0,0,4124.0,0
928,567,96,17,11,4132.0,0
929,876,50,0,0,888.0,0
930,656,138,6,2,3619.0,0
931,744,218,24,33,10448.0,3
932,757,276,19,19,10388.0,3
933,620,203,21,32,10697.0,3
934,697,69,13,8,4854.0,0
935,826,185,11,3,5826.0,1
936,863,232,16,11,10409.0,2
937,780,104,2,13,5280.0,1
938,936,146,0,0,4436.0,0
939,873,130,33,47,8430.0,2
940,825,177,14,19,6022.0,1
941,903,135,15,27,9549.0,2
942,301,147,25,14,5233.0,1
943,777,221,4,7,4785.0,0
944,480,218,14,8,5679.0,1
945,736,151,5,1,3147.0,0
946,601,113,11,17,5371.0,1
947,789,84,0,0,2271.0,0
948,473,192,4,7,8260.0,1
949,1261,134,12,33,9176.0,2
950,800,151,16,25,6234.0,1
951,1430,10,0,0,165.0,0
952,778,145,4,8,5755.0,1
953,834,271,9,0,8699.0,2
954,633,219,12,22,6554.0,1
955,818,57,0,0,1312.0,0
956,787,151,26,53,11237.0,3
957,672,199,27,32,10725.0,3
958,835,145,13,14,4836.0,0
959,615,238,13,5,7009.0,1
960,450,405,82,80,13537.0,4
961,671,303,56,18,10405.0,3
962,539,94,12,1,2873.0,0
963,968,29,0,0,284.0,0
964,762,239,7,6,8608.0,1
965,795,101,12,7,4151.0,0
966,779,213,8,28,8330.0,2
967,556,273,15,1,9195.0,1
968,690,149,64,258,30406.0,4
969,589,55,0,0,1164.0,0
970,979,176,6,14,6124.0,1
971,1284,124,4,28,7203.0,1
972,1324,81,12,23,5302.0,1
973,900,199,8,24,8010.0,2
974,691,216,18,28,8447.0,2
975,717,187,13,60,11427.0,3
976,864,107,9,26,6108.0,1
977,767,5,0,0,13.0,0
978,768,128,0,0,3354.0,0
979,888,243,14,20,10313.0,3
980,836,42,0,0,1139.0,0
981,703,210,21,71,18884.0,4
982,704,147,27,105,11896.0,3
983,866,100,5,3,3497.0,0
984,899,112,0,0,3743.0,0
985,829,242,0,0,9208.0,2
986,838,276,15,1,7798.0,1
987,858,102,0,0,4091.0,0
988,1440,0,0,0,19.0,0
989,862,111,0,0,3396.0,0
990,961,73,14,22,5310.0,1
991,948,129,11,6,5886.0,1
992,674,138,1,13,8447.0,1
993,917,125,3,6,4751.0,0
994,733,279,9,13,11276.0,2
995,911,134,19,4,4420.0,0
996,949,0,0,0,0.0,0
997,705,4,0,0,29.0,0
998,814,113,8,0,4087.0,0
999,1240,188,8,4,6449.0,1
1000,1288,136,12,4,5650.0,1
1001,764,139,16,7,4509.0,0
1002,1204,139,32,65,14332.0,4
1003,770,197,30,88,11455.0,3
1004,866,160,0,0,5331.0,1
1005,619,301,34,19,9062.0,2
1006,824,134,9,0,3619.0,0
1007,710,10,0,0,72.0,0
1008,1238,176,18,8,6726.0,1
1009,594,365,60,22,12012.0,3
1010,731,176,4,8,5067.0,1
1011,734,176,28,3,5604.0,1
1012,982,107,0,0,3437.0,0
1013,705,144,9,14,5935.0,1
1014,756,124,0,0,3325.0,0
1015,867,79,0,0,885.0,0
1016,567,155,56,68,9524.0,2
1017,765,136,25,75,10408.0,3
1018,807,39,0,0,561.0,0
1019,1310,112,5,13,6066.0,1
1020,829,5,0,0,50.0,0
1021,847,46,0,0,718.0,0
1022,635,178,13,13,6924.0,1
1023,1440,0,0,0,4625.0,0
1024,1332,71,21,16,1874.0,0
1025,676,66,7,17,5537.0,1
1026,811,116,14,25,1564.0,0
1027,1393,47,0,0,2038.0,0
1028,744,119,0,0,17613.0,4
1029,551,126,47,131,1338.0,0
1030,832,123,0,0,953.0,0
1031,607,63,0,0,238.0,0
1032,736,29,0,0,470.0,0
1033,1181,37,0,0,667.0,0
1034,916,39,0,0,6150.0,1
1035,698,78,22,30,492.0,0
1036,855,41,0,0,3982.0,0
1037,1130,132,49,22,1173.0,0
1038,808,73,13,2,1070.0,0
1039,748,67,0,0,454.0,0
1040,998,40,0,0,0.0,0
1041,1440,0,0,0,14174.0,4
1042,1191,159,9,81,24821.0,4
1043,566,209,21,159,11012.0,3
1044,647,269,10,30,19199.0,4
1045,635,199,44,96,13145.0,4
1046,613,184,44,99,15805.0,4
1047,546,130,33,111,20656.0,4
1048,573,201,7,106,17151.0,4
1049,614,213,32,78,17937.0,4
1050,601,238,28,84,19813.0,4
1051,590,194,51,116,16706.0,4
1052,599,281,6,59,11921.0,3
1053,645,178,40,85,23972.0,4
1054,226,193,151,226,20468.0,4
1055,567,268,108,131,19289.0,4
1056,578,240,51,74,17322.0,4
1057,618,217,39,80,19828.0,4
1058,588,194,21,125,22844.0,4
1059,516,230,60,135,14600.0,4
1060,648,258,27,57,20736.0,4
1061,471,240,49,129,29456.0,4
1062,496,253,19,163,24322.0,4
1063,495,325,24,113,18682.0,4
1064,581,223,26,105,20827.0,4
1065,641,176,25,122,11971.0,3
1066,653,179,25,69,12445.0,3
1067,614,197,36,84,16678.0,4
1068,567,276,75,110,28359.0,4
1069,486,185,22,169,17406.0,4
1070,544,240,62,95,17234.0,4
1071,704,243,16,82,18289.0,4
1072,508,201,27,108,22473.0,4
1073,546,282,20,106,1636.0,0
1074,910,49,0,0,12512.0,4
1075,1440,0,0,0,15660.0,4
1076,1440,0,0,0,19479.0,4
1077,1440,0,0,0,11564.0,3
1078,1231,112,30,67,33649.0,4
1079,640,256,9,57,16694.0,4
1080,300,376,165,117,22054.0,4
1081,497,259,87,70,12261.0,3
1082,354,276,85,234,3477.0,0
1083,443,276,44,77,10089.0,3
1084,427,268,52,109,16800.0,4
1085,579,299,35,98,10655.0,3
1086,696,142,0,0,14090.0,4
1087,1222,174,3,41,13145.0,4
1088,503,219,16,76,11431.0,3
1089,564,341,33,16,21961.0,4
1090,474,227,52,96,13047.0,4
1091,626,127,12,71,9298.0,2
1092,575,232,21,49,24885.0,4
1093,600,146,89,152,13328.0,4
1094,706,166,7,62,13764.0,4
1095,1170,241,18,11,17754.0,2
1096,497,227,42,136,7713.0,2
1097,669,196,12,79,13620.0,4
1098,624,265,24,62,24950.0,4
1099,660,209,24,81,5520.0,1
1100,651,202,23,74,1561.0,0
1101,662,201,10,66,999.0,0
1102,511,225,25,147,1792.0,0
1103,587,225,20,21,7088.0,1
1104,983,112,0,0,5668.0,1
1105,673,67,0,0,9761.0,2
1106,791,132,0,0,9302.0,2
1107,570,206,3,6,10593.0,1
1108,695,194,0,0,5152.0,1
1109,647,234,18,12,17177.0,2
1110,532,148,1,63,6205.0,1
1111,611,147,15,59,18216.0,4
1112,749,201,0,0,7483.0,1
1113,553,257,37,93,10921.0,3
1114,592,284,0,0,39835.0,4
1115,534,278,30,105,10823.0,3
1116,730,209,18,8,20973.0,2
1117,605,265,27,36,14226.0,4
1118,350,275,55,336,8324.0,2
1119,649,277,55,27,14983.0,4
1120,372,315,189,155,16555.0,4
1121,496,282,79,115,16201.0,4
1122,834,248,17,11,19830.0,2
1123,620,215,5,64,18381.0,4
1124,581,157,20,113,12670.0,4
1125,500,203,20,82,18047.0,4
1126,586,246,26,98,23542.0,4
1127,627,208,23,102,21989.0,4
1128,586,277,24,41,33775.0,4
1129,608,194,22,116,18113.0,4
1130,489,266,16,142,20973.0,4
1131,440,199,55,140,21001.0,4
1132,446,181,45,240,15761.0,4
1133,599,254,26,80,17383.0,4
1134,511,263,37,109,15634.0,4
1135,520,296,22,96,18899.0,4
1136,653,232,17,73,21566.0,4
1137,586,287,20,95,18045.0,4
1138,620,196,12,71,10859.0,3
1139,490,280,11,119,20914.0,4
1140,459,402,27,71,29910.0,4
1141,614,194,25,97,5226.0,1
1142,658,262,15,22,27158.0,4
1143,491,368,24,72,20088.0,4
1144,455,341,75,176,25237.0,4
1145,769,173,2,12,18331.0,1
1146,457,136,35,220,18461.0,4
1147,482,328,47,86,21571.0,4
1148,547,182,43,155,14835.0,4
1149,794,216,17,87,13732.0,4
1150,566,260,40,84,17074.0,4
1151,557,198,38,144,15442.0,4
1152,561,162,10,97,22005.0,4
1153,522,168,48,96,16927.0,4
1154,582,295,19,70,19224.0,4
1155,643,223,24,80,18189.0,4
1156,516,309,17,95,16914.0,4
1157,508,283,27,92,19262.0,4
1158,515,324,24,90,17394.0,4
1159,562,211,27,128,12738.0,4
1160,519,212,38,186,24172.0,4
1161,498,302,39,97,11473.0,3
1162,535,243,24,97,10628.0,3
1163,569,216,17,38,19890.0,4
1164,449,271,49,148,10972.0,3
1165,649,160,3,58,19076.0,4
1166,1090,255,35,60,12308.0,3
1167,484,214,9,110,18096.0,4
1168,672,224,5,47,12536.0,4
1169,645,217,4,90,20021.0,4
1170,727,163,4,60,15709.0,4
1171,673,132,6,97,10083.0,3
1172,719,120,1,63,14324.0,4
1173,1084,185,36,135,12520.0,4
1174,603,142,1,81,13005.0,4
1175,618,202,26,86,10948.0,3
1176,726,167,2,81,21355.0,4
1177,614,174,5,117,5111.0,1
1178,743,143,5,67,22280.0,4
1179,700,100,21,120,7519.0,2
1180,523,175,3,112,0.0,0
1181,600,127,15,121,0.0,0
1182,668,179,7,125,0.0,0
1183,665,169,15,95,0.0,0
1184,1440,0,0,0,9370.0,2
1185,1270,82,23,65,19979.0,4
1186,563,226,21,105,9614.0,2
1187,660,224,9,29,28445.0,4
1188,383,243,16,324,6203.0,1
1189,1240,189,5,6,17453.0,1
1190,637,154,45,98,7921.0,2
1191,709,194,19,4,19280.0,1
1192,600,234,13,75,15531.0,4
1193,661,180,8,80,19813.0,4
1194,508,287,29,54,14579.0,4
1195,513,259,41,139,21765.0,4
1196,744,171,9,112,10932.0,3
1197,709,140,27,69,14873.0,4
1198,596,210,12,59,19472.0,4
1199,644,157,35,93,18312.0,4
1200,517,218,21,94,9074.0,2
1201,830,237,13,9,11397.0,2
1202,623,242,14,30,19537.0,4
1203,855,216,1,86,13398.0,4
1204,537,201,7,49,16422.0,4
1205,538,255,21,63,15625.0,4
1206,648,221,4,56,13232.0,4
1207,685,211,16,66,9231.0,2
1208,665,298,5,6,15790.0,1
1209,694,239,28,90,31707.0,4
1210,545,184,28,171,30035.0,4
1211,344,322,49,149,16270.0,4
1212,582,264,24,58,17440.0,4
1213,591,206,18,64,21781.0,4
1214,538,340,10,74,22630.0,4
1215,455,329,17,91,18632.0,4
1216,622,367,3,57,30416.0,4
1217,706,203,13,153,17470.0,4
1218,506,207,29,112,18436.0,4
1219,610,242,43,88,15245.0,4
1220,635,206,2,56,29998.0,4
1221,356,407,52,138,21029.0,4
1222,448,357,30,101,18222.0,4
1223,571,224,14,77,20183.0,4
1224,582,196,29,118,23522.0,4
1225,491,363,14,80,28754.0,4
1226,326,480,21,86,20818.0,4
1227,584,267,15,75,23077.0,4
1228,486,358,30,98,19588.0,4
1229,729,276,23,57,16151.0,4
1230,582,284,29,55,7406.0,1
1231,675,271,0,0,12491.0,3
1232,554,296,36,40,17564.0,4
1233,552,284,0,72,10460.0,3
1234,716,248,36,29,15184.0,4
1235,549,257,49,82,18456.0,4
1236,516,275,14,73,14550.0,4
1237,652,226,11,64,8846.0,2
1238,712,214,2,14,20974.0,2
1239,482,287,27,79,15055.0,4
1240,548,348,15,61,14003.0,4
1241,717,276,9,47,15983.0,4
1242,526,278,15,59,4838.0,0
1243,638,212,0,0,22969.0,4
1244,560,204,39,93,2658.0,0
1245,1043,146,0,0,4380.0,0
1246,772,151,0,0,4684.0,0
1247,604,139,14,8,12645.0,2
1248,574,223,17,36,12193.0,3
1249,545,220,17,36,9793.0,2
1250,613,317,0,0,12598.0,4
1251,610,272,52,37,11096.0,3
1252,600,330,3,11,14040.0,1
1253,349,254,36,86,16414.0,4
1254,597,270,18,50,13188.0,4
1255,580,260,29,60,17111.0,4
1256,1131,207,18,84,16374.0,4
1257,608,228,2,55,19165.0,4
1258,582,260,25,82,11050.0,3
1259,735,348,2,8,18419.0,1
1260,396,268,39,71,20977.0,4
1261,599,251,21,80,18415.0,4
1262,599,215,49,83,23137.0,4
1263,458,304,82,92,12725.0,4
1264,545,270,49,55,17460.0,4
1265,572,279,37,80,12824.0,4
1266,497,263,51,45,19564.0,4
1267,590,297,16,77,20089.0,4
1268,559,290,27,73,20035.0,4
1269,596,217,38,85,18376.0,4
1270,673,284,9,65,18378.0,4
1271,603,243,23,73,19582.0,4
1272,509,250,18,82,15201.0,4
1273,645,266,26,55,11216.0,3
1274,611,236,28,45,20606.0,4
1275,556,257,21,75,14532.0,4
1276,598,269,13,51,14395.0,4
1277,571,297,65,66,22472.0,4
1278,503,277,36,86,21255.0,4
1279,617,263,32,85,14359.0,4
1280,500,278,73,87,19868.0,4
1281,600,273,9,69,18162.0,4
1282,550,287,14,79,20221.0,4
1283,615,246,11,69,18706.0,4
1284,547,248,27,106,15511.0,4
1285,529,236,28,53,16321.0,4
1286,552,338,43,75,13991.0,4
1287,844,302,24,62,16192.0,4
1288,622,197,19,64,17894.0,4
1289,576,207,33,72,16755.0,4
1290,507,270,56,85,14690.0,4
1291,707,130,21,70,14177.0,4
1292,1199,108,41,92,17658.0,4
1293,516,295,10,75,17626.0,4
1294,661,255,22,78,18708.0,4
1295,518,258,28,75,20387.0,4
1296,506,281,48,98,18638.0,4
1297,623,226,16,72,18541.0,4
1298,413,243,42,87,19354.0,4
1299,604,198,21,91,18500.0,4
1300,366,360,52,104,11447.0,3
1301,960,181,67,41,7956.0,2
1302,465,299,0,0,11655.0,3
1303,561,294,28,40,12329.0,3
1304,586,229,59,64,15459.0,4
1305,569,308,43,46,7428.0,1
1306,716,287,7,5,9694.0,1
1307,708,275,11,19,14301.0,3
1308,743,290,71,80,9040.0,2
1309,585,227,9,6,8661.0,1
1310,622,218,17,13,19547.0,3
1311,539,256,32,76,17177.0,4
1312,556,238,14,67,13408.0,4
1313,745,274,3,49,13755.0,4
1314,607,242,12,49,5353.0,1
1315,735,262,0,0,12271.0,3
1316,641,183,5,60,15290.0,4
1317,714,126,7,79,14934.0,4
1318,622,173,5,69,10190.0,3
1319,592,257,31,53,12551.0,4
1320,710,152,3,63,21638.0,4
1321,442,367,14,79,7912.0,2
1322,676,329,0,0,12148.0,3
1323,611,190,3,72,18611.0,4
1324,549,225,21,94,3931.0,0
1325,627,261,7,2,17300.0,4
1326,563,273,43,74,20674.0,4
1327,350,575,73,15,11656.0,3
1328,467,465,4,9,1720.0,0
1329,1325,115,0,0,8806.0,2
1330,496,296,42,15,13805.0,4
1331,387,170,2,67,0.0,0
1332,1422,18,0,0,411.0,0
1333,544,245,27,94,21036.0,4
1334,820,204,24,29,5840.0,1
1335,605,319,26,61,16483.0,4
1336,502,280,89,146,22329.0,4
1337,498,381,59,37,13092.0,4
1338,468,434,82,39,17737.0,4
1339,456,429,64,83,18728.0,4
1340,720,249,0,0,6732.0,1
1341,943,265,0,0,6761.0,1
1342,508,289,1,50,13981.0,4
1343,603,312,19,54,17504.0,4
1344,580,282,23,62,15675.0,4
1345,613,292,25,71,19704.0,4
1346,656,334,7,4,10308.0,1
1347,669,230,32,78,20966.0,4
1348,514,232,8,50,11738.0,3
1349,567,316,15,72,17916.0,4
1350,634,296,0,0,9460.0,2
1351,635,287,49,51,16304.0,4
1352,706,231,24,3,8133.0,2
1353,762,189,7,2,7391.0,1
1354,985,263,0,0,6690.0,1
1355,634,138,18,83,14428.0,4
1356,899,312,27,35,9446.0,2
1357,655,493,0,0,14819.0,4
1358,736,382,24,6,11558.0,2
1359,483,383,52,40,14498.0,4
1360,653,389,47,71,18461.0,4
1361,644,286,0,28,12564.0,4
1362,637,256,15,50,10273.0,3
1363,617,418,16,28,16083.0,4
1364,619,324,53,72,17480.0,4
1365,702,303,12,59,15580.0,4
1366,565,342,50,64,16724.0,4
1367,583,313,67,58,15567.0,4
1368,678,233,7,6,5831.0,1
1369,749,231,1,46,11579.0,3
1370,566,447,13,57,22656.0,4
1371,541,347,98,65,19470.0,4
1372,565,423,54,32,18762.0,4
1373,543,325,99,67,18545.0,4
1374,535,378,72,69,20325.0,4
1375,611,396,14,18,10382.0,3
1376,796,257,0,0,4724.0,0
1377,419,319,102,76,19651.0,4
1378,564,263,114,103,20030.0,4
1379,574,292,101,76,17962.0,4
1380,535,467,47,17,19380.0,4
1381,488,280,120,169,23042.0,4
1382,668,244,7,4,5683.0,1
1383,636,265,12,49,13713.0,4
1384,569,273,62,63,15738.0,4
1385,691,253,8,44,10771.0,3
1386,732,290,0,0,4737.0,0
1387,741,147,0,0,2414.0,0
1388,659,332,63,17,13570.0,4
1389,681,137,5,5,3778.0,0
1390,720,195,7,37,8291.0,2
1391,664,349,23,30,12068.0,3
1392,781,302,16,8,8574.0,2
1393,811,225,0,0,3786.0,0
1394,628,359,27,60,16366.0,4
1395,500,337,40,89,21206.0,4
1396,808,261,0,0,5505.0,1
1397,755,218,12,31,9205.0,2
1398,608,364,23,52,16698.0,4
1399,597,353,71,87,22046.0,4
1400,664,349,36,33,11875.0,3
1401,607,394,27,9,12677.0,3
1402,596,303,111,57,14740.0,4
1403,645,269,4,5,6356.0,1
1404,627,293,32,17,8220.0,2
1405,640,350,29,21,11225.0,3
1406,560,299,107,95,23909.0,4
1407,589,378,63,61,17218.0,4
1408,583,410,38,22,13471.0,4
1409,548,362,90,42,15080.0,4
1410,641,271,17,21,10668.0,3
1411,662,254,26,58,12767.0,4
1412,586,397,22,37,12969.0,4
1413,492,349,83,79,19587.0,4
1414,598,430,20,10,12449.0,2
1415,474,481,34,24,16912.0,4
1416,586,308,60,22,11778.0,3
1417,661,242,15,54,12526.0,4
1418,744,236,13,33,7724.0,2
1419,520,434,35,44,18901.0,4
1420,721,267,51,20,13924.0,4
1421,570,442,41,16,15027.0,4
1422,505,298,103,97,19324.0,4
1423,520,411,37,64,20418.0,4
1424,738,220,12,15,6750.0,1
1425,562,279,18,52,10674.0,3
1426,612,389,21,50,14075.0,4
1427,596,304,86,62,15168.0,4
1428,623,331,72,66,17656.0,4
1429,380,441,69,92,23201.0,4
1430,647,284,58,57,11461.0,3
1431,609,315,0,0,6688.0,1
1432,598,313,7,40,11882.0,3
1433,599,379,37,50,14296.0,4
1434,529,382,68,94,23778.0,4
1435,591,421,21,10,13367.0,2
1436,558,458,28,24,16553.0,4
1437,502,401,55,25,15395.0,4
1438,735,278,0,0,6220.0,1
1439,515,373,11,15,9840.0,2
1440,693,327,19,62,16697.0,4
1441,473,415,62,48,18417.0,4
1442,644,297,26,36,11235.0,3
1443,611,369,33,52,14733.0,4
1444,513,324,101,95,21907.0,4
1445,585,323,29,27,11523.0,3
1446,654,353,11,21,10247.0,3
1447,566,377,22,60,18858.0,4
1448,555,268,72,63,13538.0,4
1449,524,359,21,67,17659.0,4
1450,521,441,31,48,20871.0,4
1451,543,497,31,9,14736.0,3
1452,675,192,48,38,8254.0,2
1453,617,286,0,0,6465.0,1
1454,529,360,40,42,13185.0,4
1455,563,403,31,28,14399.0,4
1456,881,468,24,67,26124.0,4
1457,713,288,34,31,13892.0,4
1458,512,386,49,42,17486.0,4
1459,626,385,0,0,9065.0,2
1460,661,267,0,0,4867.0,0
1461,451,431,14,86,24194.0,4
1462,537,459,18,16,16479.0,3
1463,602,363,38,70,18553.0,4
1464,599,398,30,20,15869.0,4
1465,478,458,61,41,19075.0,4
1466,809,181,15,20,6819.0,1
1467,662,182,0,0,2782.0,0
1468,562,408,47,17,17433.0,4
1469,595,393,43,7,14218.0,4
1470,562,313,70,49,15606.0,4
1471,668,456,22,4,15483.0,2
1472,590,416,26,11,13851.0,3
1473,623,349,36,71,16478.0,4
1474,515,425,0,0,9512.0,2
1475,470,504,70,43,19509.0,4
1476,670,351,8,7,12330.0,1
1477,613,403,23,16,13209.0,4
1478,467,436,63,56,21661.0,4
1479,701,315,16,16,10031.0,3
1480,645,284,8,18,8162.0,2
1481,795,243,0,0,4358.0,0
1482,535,392,31,53,18820.0,4
1483,579,475,16,14,14243.0,3
1484,556,318,40,38,14306.0,4
1485,775,298,17,25,13349.0,4
1486,767,267,12,34,9037.0,2
1487,1103,255,34,48,13240.0,4
1488,1042,301,53,44,14898.0,4
1489,787,251,15,16,11297.0,3
1490,670,293,56,65,19247.0,4
1491,713,257,21,28,12376.0,3
1492,614,231,76,37,11928.0,3
1493,997,42,0,0,1046.0,0
1494,1440,0,0,0,3836.0,0
1495,1327,89,7,17,13899.0,2
1496,776,259,37,54,12427.0,3
1497,752,218,21,57,16259.0,4
1498,506,285,82,60,7808.0,2
1499,760,279,7,1,13590.0,4
1500,630,287,38,38,9090.0,2
1501,835,212,16,23,13253.0,4
1502,1056,335,23,26,14021.0,4
1503,652,206,36,64,12718.0,4
1504,652,287,11,18,13553.0,3
1505,630,264,77,47,9188.0,2
1506,638,287,17,0,10260.0,1
1507,656,218,20,35,8388.0,2
1508,738,234,9,30,9234.0,2
1509,817,190,18,30,13224.0,4
1510,622,258,63,50,10623.0,3
1511,627,252,27,44,11829.0,3
1512,666,222,39,42,16879.0,4
1513,576,255,70,82,14397.0,4
1514,751,236,70,41,8942.0,2
1515,796,181,29,40,9870.0,2
1516,870,228,29,27,13212.0,4
1517,768,225,52,59,10405.0,3
1518,829,124,28,54,17324.0,4
1519,595,255,81,65,12651.0,4
1520,742,366,11,9,8625.0,1
1521,875,193,28,22,15261.0,4
1522,367,283,48,47,9313.0,2
1523,1155,266,13,6,15552.0,1
1524,708,213,66,57,13895.0,4
1525,785,166,38,66,11194.0,3
1526,659,226,29,29,11141.0,3
1527,519,308,43,13,7020.0,1
1528,658,242,59,13,13252.0,4
1529,641,223,49,61,14061.0,4
1530,672,223,59,53,7878.0,2
1531,937,183,5,5,15900.0,1
1532,736,178,50,73,11961.0,3
1533,722,254,39,32,18690.0,4
1534,1027,255,75,83,9624.0,2
1535,780,273,42,12,12368.0,3
1536,702,247,81,23,10200.0,3
1537,722,313,26,21,5347.0,1
1538,670,163,6,9,3456.0,0
1539,875,133,0,0,8479.0,2
1540,476,185,19,22,9967.0,2
1541,627,208,57,44,8598.0,2
1542,864,266,21,10,11069.0,2
1543,606,352,13,9,16043.0,2
1544,692,242,53,63,8504.0,2
1545,812,274,23,7,19895.0,2
1546,521,338,51,85,14771.0,4
1547,565,316,58,38,12945.0,4
1548,745,326,31,26,12778.0,4
1549,760,251,3,37,23971.0,4
1550,516,291,103,98,20148.0,4
1551,643,240,53,101,14449.0,4
1552,1088,221,79,52,18777.0,4
1553,584,262,87,101,17022.0,4
1554,603,315,48,70,14881.0,4
1555,663,358,24,18,7931.0,2
1556,715,256,14,11,15027.0,2
1557,623,347,53,38,13772.0,4
1558,660,293,24,34,12578.0,4
1559,700,285,20,39,14739.0,4
1560,590,226,86,55,12373.0,3
1561,691,306,52,34,10486.0,3
1562,704,296,12,17,14659.0,3
1563,621,291,57,52,13595.0,4
1564,673,284,70,52,12411.0,3
1565,1099,258,34,49,14971.0,4
1566,1048,288,44,60,10476.0,3
1567,670,270,27,11,17760.0,3
1568,586,253,61,89,16373.0,4
1569,686,276,36,84,11198.0,3
1570,754,201,39,39,10941.0,3
1571,587,297,107,49,12031.0,3
1572,689,249,35,47,11400.0,3
1573,690,296,44,25,19763.0,4
1574,1013,278,58,91,14158.0,4
1575,1054,300,47,39,9115.0,2
1576,1158,247,23,12,12442.0,3
1577,612,314,8,35,12086.0,3
1578,785,273,51,40,11657.0,3
1579,594,231,44,52,13709.0,4
1580,633,297,40,32,10270.0,3
1581,837,270,16,21,13738.0,4
1582,612,262,57,50,720.0,0
1583,1440,0,0,0,10720.0,3
1584,1416,14,9,1,12291.0,3
1585,1059,252,113,16,12584.0,4
1586,1092,255,50,43,9674.0,2
1587,1136,246,10,48,10930.0,3
1588,1137,249,20,34,15625.0,4
1589,1080,331,20,9,11345.0,2
1590,756,239,48,52,12981.0,4
1591,753,308,43,18,12881.0,4
1592,660,251,58,43,12941.0,4
1593,651,260,66,35,6669.0,1
1594,623,284,42,54,13.0,0
1595,811,214,12,8,1046.0,0
1596,1438,2,0,0,7713.0,2
1597,1440,0,0,0,12635.0,4
1598,1440,0,0,0,11468.0,3
1599,1440,0,0,0,11973.0,3
1600,1440,0,0,0,12980.0,4
1601,1440,0,0,0,2620.0,0
1602,1440,0,0,0,3420.0,0
1603,1412,28,0,0,9152.0,2
1604,1280,101,22,37,8854.0,2
1605,1065,279,61,35,9613.0,2
1606,1064,308,39,29,6039.0,1
1607,1085,283,23,49,6436.0,1
1608,1007,261,93,79,11886.0,3
1609,1002,206,125,32,11685.0,3
1610,749,147,10,5,6954.0,1
1611,787,164,79,23,8842.0,2
1612,753,282,21,17,11481.0,3
1613,533,248,39,19,14018.0,4
1614,674,168,41,14,16775.0,4
1615,786,228,16,18,7887.0,2
1616,728,272,20,30,8825.0,2
1617,731,193,62,32,8003.0,2
1618,802,199,65,19,14280.0,4
1619,786,198,45,22,8133.0,2
1620,746,214,39,28,6293.0,1
1621,699,191,44,63,4948.0,0
1622,675,240,67,63,8396.0,2
1623,765,266,6,6,7652.0,1
1624,714,267,14,7,11424.0,1
1625,805,183,49,13,9037.0,2
1626,710,221,36,50,5516.0,1
1627,712,241,11,14,466.0,0
1628,797,206,22,8,0.0,0
1629,779,180,7,4,0.0,0
1630,806,188,38,21,0.0,0
1631,702,236,23,8,0.0,0
1632,713,232,40,47,0.0,0
1633,885,171,29,31,0.0,0
1634,708,194,8,5,0.0,0
1635,1046,16,0,0,0.0,0
1636,1440,0,0,0,9243.0,2
1637,1440,0,0,0,10246.0,3
1638,1440,0,0,0,11489.0,3
1639,1440,0,0,0,7587.0,2
1640,1390,0,0,50,4954.0,0
1641,1180,219,7,34,11076.0,3
1642,618,305,14,14,18749.0,2
1643,655,281,5,40,12890.0,4
1644,618,233,16,23,11806.0,3
1645,657,164,6,9,13614.0,1
1646,556,209,22,49,10062.0,3
1647,486,320,11,68,10886.0,3
1648,597,198,5,62,13480.0,4
1649,606,290,10,23,16346.0,4
1650,557,273,32,30,9916.0,2
1651,972,295,9,11,9199.0,2
1652,821,163,7,58,10338.0,3
1653,653,229,11,46,8119.0,2
1654,609,260,19,59,12824.0,4
1655,677,238,19,32,16500.0,4
1656,597,267,4,15,15853.0,2
1657,670,281,4,18,7519.0,2
1658,533,247,6,10,13977.0,1
1659,708,177,53,42,8448.0,2
1660,611,239,13,61,9049.0,2
1661,546,304,30,48,6495.0,1
1662,609,281,0,0,16498.0,4
1663,568,257,10,43,20814.0,4
1664,724,248,8,2,6919.0,1
1665,536,231,28,16,10548.0,3
1666,664,192,17,28,10875.0,3
1667,641,268,24,52,9356.0,2
1668,520,353,42,60,4214.0,0
1669,689,288,0,0,9211.0,2
1670,613,318,10,22,12137.0,3
1671,607,278,12,9,9436.0,2
1672,582,286,12,10,14554.0,2
1673,805,150,14,10,8490.0,2
1674,633,148,12,53,15680.0,4
1675,642,151,14,56,5326.0,1
1676,661,203,33,35,13718.0,4
1677,1119,258,10,53,16487.0,4
1678,629,330,0,0,8299.0,2
1679,453,275,34,73,12453.0,3
1680,666,172,13,11,10979.0,2
1681,548,222,3,44,6260.0,1
1682,525,275,23,57,7063.0,1
1683,679,253,0,0,12278.0,3
1684,703,218,29,36,9567.0,2
1685,585,268,5,30,7881.0,2
1686,707,262,0,8,16755.0,1
1687,709,130,21,35,5958.0,1
1688,641,169,1,59,5923.0,1
1689,670,263,16,17,8812.0,2
1690,643,155,36,24,8399.0,2
1691,540,240,33,91,7255.0,1
1692,783,203,0,0,1997.0,0
1693,752,134,29,27,11220.0,3
1694,631,141,20,33,8927.0,2
1695,685,197,12,26,5617.0,1
1696,558,189,12,20,4805.0,0
1697,647,145,0,0,9532.0,2
1698,607,182,12,38,3502.0,0
1699,715,124,4,39,16382.0,4
1700,646,162,15,13,17713.0,2
1701,641,180,0,0,12279.0,3
1702,1053,188,14,2,6161.0,1
1703,1301,128,11,0,12412.0,3
1704,1133,176,31,5,14609.0,2
1705,690,240,31,50,14373.0,4
1706,581,306,34,60,13663.0,4
1707,820,201,2,0,8257.0,2
1708,671,205,15,3,9938.0,1
1709,613,227,30,45,11842.0,3
1710,738,191,16,29,10161.0,3
1711,642,164,23,68,13756.0,4
1712,645,136,25,56,17981.0,4
1713,569,185,62,31,7755.0,2
1714,588,225,5,38,18826.0,4
1715,706,140,49,11,15565.0,4
1716,780,131,5,3,11832.0,3
1717,521,183,54,80,8620.0,2
1718,612,160,9,49,7617.0,2
1719,629,217,77,57,14516.0,4
1720,758,156,18,61,12458.0,3
1721,628,269,30,4,5280.0,1
1722,729,177,21,12,9493.0,2
1723,730,114,1,40,18282.0,4
1724,717,194,0,0,7367.0,1
1725,579,276,92,57,21213.0,4
1726,815,153,0,0,12657.0,4
1727,892,284,32,15,12630.0,4
1728,460,222,32,82,12338.0,3
1729,809,248,43,15,7382.0,1
1730,617,245,68,76,7683.0,2
1731,787,332,49,18,5208.0,1
1732,486,210,28,18,7409.0,1
1733,632,309,10,12,14886.0,2
1734,541,195,4,27,14637.0,4
1735,620,235,20,3,11953.0,1
1736,924,204,11,15,4638.0,0
1737,790,231,0,0,7792.0,2
1738,645,205,44,49,6002.0,1
1739,461,317,16,43,9639.0,2
1740,575,290,0,0,12997.0,4
1741,1027,203,0,0,8727.0,2
1742,783,216,30,4,11174.0,2
1743,1156,77,16,14,12973.0,3
1744,761,235,0,31,8584.0,2
1745,614,349,10,15,153.0,0
1746,691,244,10,11,15304.0,2
1747,481,253,14,37,13344.0,4
1748,420,345,21,31,13680.0,4
1749,636,252,0,0,15236.0,4
1750,1002,23,8,13,9925.0,2
1751,503,336,6,42,13963.0,4
1752,597,314,13,4,10447.0,1
1753,613,267,23,28,273.0,0
1754,580,284,10,58,6684.0,1
1755,667,266,11,14,7560.0,2
1756,570,319,13,0,5810.0,1
1757,788,86,44,85,7294.0,1
1758,478,26,0,0,7034.0,1
1759,679,102,29,18,7091.0,1
1760,560,216,10,17,16648.0,3
1761,716,148,12,23,17067.0,4
1762,576,156,43,14,9763.0,2
1763,659,166,17,12,7080.0,1
1764,802,153,18,41,14138.0,4
1765,589,264,43,51,6427.0,1
1766,536,310,25,64,5914.0,1
1767,698,246,10,16,5684.0,1
1768,792,203,12,12,7855.0,2
1769,656,176,16,56,9610.0,2
1770,897,47,0,103,7195.0,1
1771,646,200,0,0,8379.0,2
1772,729,136,52,2,1718.0,0
1773,670,131,18,28,9010.0,2
1774,724,180,6,31,12666.0,4
1775,785,133,33,42,10418.0,3
1776,671,108,30,40,9107.0,2
1777,806,116,0,0,10188.0,3
1778,815,144,37,21,7149.0,1
1779,638,143,7,72,13075.0,4
1780,686,267,24,33,7970.0,2
1781,707,119,16,44,9210.0,2
1782,710,109,9,55,488.0,0
1783,679,185,14,18,0.0,0
1784,572,141,65,48,0.0,0
1785,754,149,26,23,0.0,0
1786,559,173,15,46,0.0,0
1787,485,36,0,0,0.0,0
1788,1035,227,7,36,11204.0,3
1789,888,91,12,25,4435.0,0
1790,1440,0,0,0,0.0,0
1791,1440,0,0,0,6710.0,1
1792,1276,127,11,26,9079.0,2
1793,739,175,13,22,4313.0,0
1794,836,131,0,0,7825.0,2
1795,786,216,0,0,3338.0,0
1796,1364,76,0,0,7356.0,1
1797,1440,0,0,0,7498.0,1
1798,1277,131,5,27,13.0,0
1799,1034,174,6,2,7284.0,1
1800,1030,3,0,0,4345.0,0
1801,782,148,9,20,394.0,0
1802,1329,111,0,0,195.0,0
1803,911,26,0,0,9113.0,2
1804,1440,0,0,0,10866.0,3
1805,1440,0,0,0,6389.0,1
1806,1440,0,0,0,6241.0,1
1807,1440,0,0,0,31.0,0
1808,1440,0,0,0,6116.0,1
1809,1440,0,0,0,9876.0,2
1810,1440,0,0,0,633.0,0
1811,1440,0,0,0,6.0,0
1812,1440,0,0,0,4872.0,0
1813,1440,0,0,0,8113.0,2
1814,1440,0,0,0,7278.0,1
1815,1440,0,0,0,9649.0,2
1816,1440,0,0,0,10406.0,3
1817,1440,0,0,0,4936.0,0
1818,1440,0,0,0,3867.0,0
1819,1440,0,0,0,33.0,0
1820,1440,0,0,0,5785.0,1
1821,1440,0,0,0,2207.0,0
1822,1440,0,0,0,9643.0,2
1823,1440,0,0,0,3946.0,0
1824,1440,0,0,0,904.0,0
1825,1440,0,0,0,2180.0,0
1826,1440,0,0,0,2877.0,0
1827,1440,0,0,0,11212.0,3
1828,1229,168,12,31,2918.0,0
1829,1182,168,30,60,9233.0,2
1830,1167,263,5,5,8382.0,1
1831,1330,67,13,30,7930.0,2
1832,1439,1,0,0,11060.0,3
1833,1266,156,7,11,7018.0,1
1834,1129,255,22,34,7.0,0
1835,1424,16,0,0,7019.0,1
1836,1439,1,0,0,9216.0,2
1837,919,157,4,7,6320.0,1
1838,660,263,0,0,9626.0,2
1839,923,258,16,2,10940.0,1
1840,707,286,5,14,6496.0,1
1841,677,321,25,16,770.0,0
1842,818,201,12,1,63.0,0
1843,1274,166,0,0,13172.0,4
1844,1427,13,0,0,0.0,0
1845,931,197,0,0,8798.0,2
1846,800,91,0,0,5879.0,1
1847,822,189,9,38,7511.0,2
1848,868,154,0,0,2093.0,0
1849,917,45,0,0,858.0,0
1850,853,79,0,0,9785.0,2
1851,1329,111,0,0,6588.0,1
1852,651,224,62,33,9445.0,2
1853,1210,105,6,0,13800.0,4
1854,751,150,13,32,10627.0,3
1855,764,188,4,18,723.0,0
1856,784,116,17,32,1365.0,0
1857,569,255,71,49,9441.0,2
1858,686,135,11,16,8628.0,2
1859,834,3,0,0,11776.0,3
1860,1323,59,15,43,16964.0,4
1861,808,144,5,46,11950.0,3
1862,848,125,3,23,7.0,0
1863,821,144,17,36,369.0,0
1864,670,251,39,40,8216.0,2
1865,798,114,5,25,8784.0,2
1866,953,38,0,0,10918.0,3
1867,906,9,0,0,7663.0,2
1868,774,178,34,67,3971.0,0
1869,1227,0,0,0,4804.0,0
1870,891,102,14,45,4866.0,0
1871,897,95,1,22,7286.0,1
1872,1279,130,3,28,7337.0,1
1873,1172,22,4,11,6524.0,1
1874,924,41,0,0,6825.0,1
1875,1184,228,4,24,7753.0,2
1876,904,144,9,15,5051.0,1
1877,787,165,7,29,450.0,0
1878,647,309,55,63,10469.0,3
1879,856,131,14,61,7822.0,2
1880,802,38,0,0,6692.0,1
1881,948,77,0,0,9114.0,2
1882,698,186,10,29,1484.0,0
1883,781,175,0,26,6135.0,1
1884,709,166,25,50,9496.0,2
1885,473,182,112,136,6780.0,1
1886,786,149,15,53,3297.0,0
1887,1440,0,0,0,193.0,0
1888,930,24,0,0,5448.0,1
1889,782,185,1,25,4986.0,0
1890,740,184,15,21,646.0,0
1891,784,226,9,31,266.0,0
1892,817,134,7,28,5577.0,1
1893,1338,85,12,5,2239.0,0
1894,856,124,6,20,293.0,0
1895,788,179,0,0,169.0,0
1896,1164,208,7,0,212.0,0
1897,869,110,13,28,42.0,0
1898,825,135,10,20,745.0,0
1899,1255,148,14,23,4182.0,0
1900,863,129,10,36,1093.0,0
1901,1309,94,19,18,2763.0,0
1902,1412,28,0,0,2861.0,0
1903,1122,247,21,50,2084.0,0
1904,1216,202,7,15,17.0,0
1905,1275,136,5,24,1160.0,0
1906,764,125,26,132,5906.0,1
1907,1406,20,4,10,1233.0,0
1908,1440,0,0,0,475.0,0
1909,1440,0,0,0,1462.0,0
1910,1440,0,0,0,0.0,0
1911,1440,0,0,0,0.0,0
1912,1267,135,16,22,0.0,0
1913,860,128,74,42,0.0,0
1914,781,140,4,6,0.0,0
1915,888,65,0,0,0.0,0
1916,898,8,0,0,0.0,0
1917,866,125,5,22,0.0,0
1918,1357,48,10,25,0.0,0
1919,1416,24,0,0,0.0,0
1920,1429,11,0,0,0.0,0
1921,1285,118,24,13,0.0,0
1922,1376,53,8,3,0.0,0
1923,1415,25,0,0,0.0,0
1924,1436,4,0,0,0.0,0
1925,1435,5,0,0,0.0,0
1926,1434,6,0,0,0.0,0
1927,1400,40,0,0,0.0,0
1928,1308,132,0,0,0.0,0
1929,1380,60,0,0,0.0,0
1930,964,118,0,0,0.0,0
1931,971,124,0,0,0.0,0
1932,920,78,10,1,0.0,0
1933,1439,1,0,0,0.0,0
1934,1007,44,0,0,0.0,0
1935,922,194,11,1,0.0,0
1936,1440,0,0,0,0.0,0
1937,1017,44,0,0,0.0,0
1938,1044,32,0,0,0.0,0
1939,983,57,0,0,0.0,0
1940,636,245,58,72,17873.0,4
1941,709,202,43,56,13118.0,4
1942,648,262,63,45,14312.0,4
1943,760,230,23,28,10970.0,3
1944,737,263,22,56,16186.0,4
1945,849,206,10,11,8189.0,2
1946,866,182,11,15,8710.0,2
1947,744,212,38,54,12888.0,4
1948,653,305,31,60,16450.0,4
1949,629,263,34,92,17843.0,4
1950,811,220,13,40,12519.0,4
1951,744,221,16,36,10392.0,3
1952,825,197,24,33,11185.0,3
1953,691,208,53,121,19220.0,4
1954,660,265,45,85,18259.0,4
1955,668,302,47,64,15305.0,4
1956,752,248,28,35,11916.0,3
1957,878,131,4,55,8241.0,2
1958,903,145,6,25,7134.0,1
1959,743,200,37,38,10116.0,3
1960,680,197,55,137,19747.0,4
1961,797,187,43,41,10938.0,3
1962,639,226,44,121,20704.0,4
1963,565,263,27,97,16517.0,4
1964,767,251,19,36,12481.0,3
1965,750,202,44,73,16428.0,4
1966,769,218,18,25,10556.0,3
1967,670,239,36,104,17535.0,4
1968,709,255,55,60,16209.0,4
1969,671,266,31,37,10782.0,3
1970,630,295,33,54,13736.0,4
1971,947,224,19,37,12224.0,3
1972,725,221,23,91,18142.0,4
1973,782,218,30,33,11745.0,3
1974,682,262,44,99,18234.0,4
1975,823,198,25,35,10401.0,3
1976,533,363,24,48,14898.0,4
1977,598,298,33,71,15805.0,4
1978,725,290,27,16,11223.0,3
1979,891,155,12,22,7708.0,2
1980,720,175,32,40,9855.0,2
1981,885,274,15,17,10728.0,3
1982,691,301,23,56,15910.0,4
1983,622,303,36,52,15348.0,4
1984,513,357,61,108,21362.0,4
1985,755,222,36,30,10489.0,3
1986,786,235,24,46,12437.0,3
1987,729,268,19,47,14775.0,4
1988,684,298,40,74,18894.0,4
1989,805,268,19,54,13110.0,4
1990,656,227,36,106,17760.0,4
1991,521,331,74,70,18170.0,4
1992,536,326,19,81,17227.0,4
1993,536,435,28,31,13316.0,4
1994,625,256,53,26,11804.0,3
1995,557,287,59,87,16891.0,4
1996,630,301,25,24,10161.0,3
1997,542,379,6,27,12445.0,3
1998,582,277,42,67,13699.0,4
1999,752,292,5,13,10187.0,2
2000,659,343,13,19,11490.0,3
2001,687,309,27,20,11847.0,3
2002,636,196,11,37,10346.0,3
2003,713,170,33,102,17431.0,4
2004,598,210,19,93,16170.0,4
2005,631,257,27,44,11425.0,3
2006,827,196,25,43,11322.0,3
2007,741,215,29,103,17638.0,4
2008,853,146,14,38,8149.0,2
2009,748,165,33,92,13189.0,4
2010,782,171,33,70,13733.0,4
2011,586,231,37,50,13736.0,4
2012,742,181,20,34,8820.0,2
2013,835,209,53,15,8564.0,2
2014,713,208,38,85,17723.0,4
2015,717,204,26,61,14145.0,4
2016,750,162,23,112,13888.0,4
2017,739,237,27,39,12501.0,4
2018,783,195,34,66,13480.0,4
2019,767,203,31,63,13255.0,4
2020,795,206,9,18,7492.0,1
2021,757,227,10,41,11684.0,3
2022,819,247,20,23,10162.0,3
2023,699,212,41,95,15169.0,4
2024,696,253,23,20,10721.0,3
2025,632,248,52,71,18231.0,4
2026,610,284,27,79,18422.0,4
2027,805,247,11,27,9026.0,2
2028,742,210,52,72,14473.0,4
2029,916,132,20,11,4749.0,0
2030,552,389,29,85,14398.0,4
2031,647,333,30,42,12231.0,3
2032,598,402,36,28,14409.0,4
2033,501,505,11,16,11652.0,3
2034,534,432,29,26,10754.0,3
2035,830,222,5,14,8898.0,2
2036,729,237,35,101,18685.0,4
2037,622,197,85,178,24846.0,4
2038,833,198,14,11,8131.0,2
2039,636,279,22,31,14197.0,4
2040,751,229,18,15,8963.0,2
2041,723,257,28,70,15052.0,4
2042,630,361,28,30,10533.0,3
2043,668,350,9,46,10839.0,3
2044,670,359,6,39,13617.0,4
2045,928,194,11,21,7819.0,2
2046,743,186,14,18,6833.0,1
2047,692,244,9,15,8837.0,2
2048,729,345,10,12,10674.0,2
2049,749,197,21,45,10533.0,3
2050,575,415,14,51,18691.0,4
2051,846,217,11,23,7720.0,2
2052,678,358,34,64,17992.0,4
2053,539,459,8,16,15947.0,2
2054,576,378,27,3,12227.0,2
2055,884,178,7,7,7427.0,1
2056,831,267,30,8,7365.0,1
2057,801,264,16,37,12554.0,4
2058,685,209,70,115,19534.0,4
2059,710,347,9,16,12513.0,2
2060,420,418,125,63,21999.0,4
2061,506,340,146,70,21553.0,4
2062,748,252,13,19,11335.0,3
2063,781,194,22,39,10117.0,3
2064,453,605,24,16,13093.0,4
2065,451,416,41,127,20119.0,4
2066,691,290,15,25,10480.0,3
2067,722,157,40,70,12847.0,4
2068,647,312,27,41,13115.0,4
2069,816,250,0,0,7240.0,1
2070,797,189,24,60,13280.0,4
2071,1225,192,16,7,8855.0,2
2072,823,200,18,24,9835.0,2
2073,768,205,19,15,8744.0,2
2074,736,168,10,38,9026.0,2
2075,826,200,14,48,9937.0,2
2076,845,137,31,25,6939.0,1
2077,711,145,11,38,7952.0,2
2078,811,112,16,33,6403.0,1
2079,807,204,29,22,8331.0,2
2080,859,156,15,30,7189.0,1
2081,657,249,31,70,14653.0,4
2082,793,168,14,11,4773.0,0
2083,824,149,13,31,5897.0,1
2084,781,151,3,13,5439.0,1
2085,797,186,11,43,9121.0,2
2086,771,142,26,42,7357.0,1
2087,821,181,28,65,11532.0,3
2088,679,207,69,83,16448.0,4
2089,840,145,19,22,6698.0,1
2090,842,161,6,8,4761.0,0
2091,837,155,23,44,9351.0,2
2092,1440,0,0,0,385.0,0
2093,1440,0,0,0,17228.0,4
2094,1440,0,0,0,16074.0,4
2095,1440,0,0,0,17375.0,4
2096,1424,16,0,0,18903.0,4
2097,707,183,20,77,15647.0,4
2098,689,222,14,98,21991.0,4
2099,638,227,17,80,15502.0,4
2100,799,177,28,128,21369.0,4
2101,599,227,36,109,9948.0,2
2102,711,113,39,143,14219.0,4
2103,741,153,19,150,16322.0,4
2104,563,260,49,128,4918.0,0
2105,813,98,12,88,24041.0,4
2106,650,250,32,108,1409.0,0
2107,612,209,46,85,19635.0,4
2108,875,191,7,4,12469.0,1
2109,676,126,34,215,11579.0,3
2110,960,50,0,0,17081.0,4
2111,763,132,26,144,3132.0,0
2112,775,147,11,84,22800.0,4
2113,725,118,10,152,22487.0,4
2114,475,331,35,90,21967.0,4
2115,895,167,0,0,9594.0,2
2116,679,97,38,178,16534.0,4
2117,658,147,45,158,15134.0,4
2118,717,104,27,166,20025.0,4
2119,818,110,12,63,26116.0,4
2120,660,204,36,94,14643.0,4
2121,1115,208,32,85,10886.0,3
2122,588,161,17,165,19220.0,4
2123,639,128,34,214,16187.0,4
2124,661,196,26,117,21078.0,4
2125,676,269,12,40,21623.0,4
2126,653,194,21,130,17015.0,4
2127,825,159,27,108,9379.0,2
2128,592,250,28,144,14888.0,4
2129,643,189,29,165,19928.0,4
2130,696,250,33,83,18049.0,4
2131,767,251,11,37,11890.0,3
2132,739,188,17,83,19888.0,4
2133,634,171,42,160,17538.0,4
2134,695,187,15,98,14124.0,4
2135,723,189,11,70,23793.0,4
2136,601,153,25,135,13145.0,4
2137,699,155,30,123,22707.0,4
2138,780,94,24,107,10055.0,3
2139,644,135,32,183,9569.0,2
2140,745,208,18,68,9261.0,2
2141,666,209,25,133,15626.0,4
2142,659,287,14,34,14476.0,4
2143,639,186,43,78,18867.0,4
2144,722,263,20,25,9417.0,2
2145,542,273,48,74,16565.0,4
2146,689,202,20,101,8065.0,2
2147,503,237,33,135,15828.0,4
2148,743,145,7,64,1058.0,0
2149,661,181,17,111,239.0,0
2150,799,135,3,55,8414.0,2
2151,612,199,17,131,15541.0,4
2152,950,25,2,7,16953.0,1
2153,1434,6,0,0,13684.0,4
2154,628,240,16,48,21047.0,4
2155,726,281,12,63,21214.0,4
2156,728,150,21,134,22660.0,4
2157,615,143,32,106,12857.0,4
2158,553,182,46,253,20111.0,4
2159,656,208,8,141,5824.0,1
2160,643,138,11,175,13801.0,4
2161,751,136,22,85,15668.0,4
2162,657,160,14,172,21089.0,4
2163,846,222,3,11,24040.0,1
2164,624,147,26,156,15446.0,4
2165,772,120,29,99,23550.0,4
2166,694,145,26,159,15735.0,4
2167,628,127,22,215,10183.0,3
2168,749,131,31,109,15403.0,4
2169,734,169,27,154,24495.0,4
2170,541,223,13,135,20276.0,4
2171,766,119,15,64,16213.0,4
2172,733,147,12,90,21309.0,4
2173,642,122,25,213,7550.0,2
2174,633,166,50,154,4766.0,0
2175,821,191,15,90,27156.0,4
2176,652,197,30,138,14874.0,4
2177,669,269,1,15,20667.0,2
2178,959,139,4,11,12191.0,1
2179,1082,116,18,224,14950.0,4
2180,800,103,23,106,11957.0,3
2181,562,293,25,116,17758.0,4
2182,674,162,19,122,16166.0,4
2183,655,213,16,96,15195.0,4
2184,621,237,23,73,17319.0,4
2185,506,230,62,85,14191.0,4
2186,646,226,25,90,16075.0,4
2187,548,354,46,73,19941.0,4
2188,635,337,23,98,10319.0,3
2189,671,217,11,87,9845.0,2
2190,670,219,3,99,19587.0,4
2191,602,251,16,96,26750.0,4
2192,648,234,19,40,19540.0,4
2193,806,109,11,57,13895.0,4
2194,662,150,41,149,17449.0,4
2195,664,161,36,185,23982.0,4
2196,608,172,50,155,12872.0,4
2197,661,289,1,57,14934.0,4
2198,686,185,31,147,25436.0,4
2199,661,204,19,197,28029.0,4
2200,730,121,23,116,17634.0,4
2201,760,95,25,114,13643.0,4
2202,563,186,55,194,17558.0,4
2203,546,175,48,203,14370.0,4
2204,620,221,43,144,6731.0,1
2205,625,280,39,22,21897.0,4
2206,756,140,8,125,31147.0,4
2207,634,253,15,66,6665.0,1
2208,1041,185,38,17,27295.0,4
2209,448,281,78,152,12031.0,3
2210,532,165,26,215,23021.0,4
2211,853,224,0,0,23647.0,4
2212,527,164,32,223,17096.0,4
2213,864,215,13,63,15797.0,4
2214,622,139,28,168,19857.0,4
2215,640,152,19,196,16197.0,4
2216,612,171,31,108,10894.0,3
2217,584,217,27,113,24870.0,4
2218,565,213,29,161,12198.0,3
2219,645,205,30,120,18491.0,4
2220,690,232,18,56,10341.0,3
2221,680,189,17,163,16566.0,4
2222,1130,246,17,47,20861.0,4
2223,575,187,24,122,17450.0,4
2224,741,166,25,67,10922.0,3
2225,672,221,20,105,15858.0,4
2226,502,215,9,151,12603.0,4
2227,624,218,34,138,19589.0,4
2228,784,106,34,73,16234.0,4
2229,1135,151,18,136,13056.0,4
2230,760,89,14,107,12485.0,3
2231,537,166,52,191,17238.0,4
2232,755,199,22,127,10874.0,3
2233,793,193,6,73,9817.0,2
2234,669,111,9,119,5102.0,1
2235,666,95,18,149,15078.0,4
2236,686,152,12,67,17133.0,4
2237,775,106,11,54,13039.0,4
2238,855,128,14,72,18485.0,4
2239,680,171,12,91,15137.0,4
2240,609,237,42,109,0.0,0
2241,983,77,11,115,0.0,0
2242,784,96,20,152,0.0,0
2243,663,135,29,117,0.0,0
